population,total_vacc,new_vacc,total_vacc_2,new_vacc_2,slots_7,slots_30,date,powiat,wojew
57352,62990,0,29431,0,673,1452,2021-07-19,Biała Podlaska,lubelskie
297459,452335,80,211932,32,7702,16160,2021-07-19,Białystok,podlaskie
171259,194377,845,88078,608,1810,3626,2021-07-19,Bielsko-Biała,śląskie
350178,395235,384,183482,214,5129,9619,2021-07-19,Bydgoszcz,kujawsko-pomorskie
166795,132849,0,61332,0,1062,2460,2021-07-19,Bytom,śląskie
62670,56416,190,25453,125,213,354,2021-07-19,Chełm,lubelskie
108434,104590,173,48445,108,597,1710,2021-07-19,Chorzów,śląskie
222292,237616,51,108803,45,2023,4304,2021-07-19,Częstochowa,śląskie
120259,82866,0,38105,0,434,1555,2021-07-19,Dąbrowa Górnicza,śląskie
120142,112911,0,52674,0,742,950,2021-07-19,Elbląg,warmińsko-mazurskie
466631,763357,464,362331,259,8328,14217,2021-07-19,Gdańsk,pomorskie
246309,258119,189,114788,105,3308,8808,2021-07-19,Gdynia,pomorskie
179806,254004,349,118670,228,1558,3170,2021-07-19,Gliwice,śląskie
123921,131957,219,62190,171,2193,4687,2021-07-19,Gorzów Wielkopolski,lubuskie
95045,111356,0,50601,0,1041,2260,2021-07-19,Grudziądz,kujawsko-pomorskie
160647,96374,22,44744,22,9739,37820,2021-07-19,Inowrocław,kujawsko-pomorskie
89128,51318,104,23823,46,1116,1460,2021-07-19,Jastrzębie-Zdrój,śląskie
91563,84574,0,38877,0,365,1135,2021-07-19,Jaworzno,śląskie
79480,81008,0,38110,0,454,905,2021-07-19,Jelenia Góra,dolnośląskie
100975,97758,0,45327,0,399,676,2021-07-19,Kalisz,wielkopolskie
294510,554673,583,257190,319,2519,5801,2021-07-19,Katowice,śląskie
195774,258449,373,118073,205,2715,6532,2021-07-19,Kielce,świętokrzyskie
74151,88259,111,39357,92,922,1619,2021-07-19,Konin,wielkopolskie
107321,110601,0,51419,0,1253,1973,2021-07-19,Koszalin,zachodniopomorskie
771069,1080220,2312,500682,1601,16061,37621,2021-07-19,Kraków,małopolskie
46511,39260,16,18747,16,338,1518,2021-07-19,Krosno,podkarpackie
99752,81294,0,37821,0,650,756,2021-07-19,Legnica,dolnośląskie
63952,63730,89,27248,88,1822,2115,2021-07-19,Leszno,wielkopolskie
339682,405463,320,188003,144,3898,12069,2021-07-19,Lublin,lubelskie
74586,46130,0,21834,0,121,213,2021-07-19,Mysłowice,śląskie
83896,56578,0,26309,0,285,1156,2021-07-19,Nowy Sącz,małopolskie
172362,208181,237,94902,226,2533,5807,2021-07-19,Olsztyn,warmińsko-mazurskie
128137,172452,1,80969,0,820,2668,2021-07-19,Opole,opolskie
52262,64930,0,30898,0,223,487,2021-07-19,Ostrołęka,mazowieckie
55299,33831,0,15439,0,67,236,2021-07-19,Piekary Śląskie,śląskie
73670,68895,0,30939,0,609,1482,2021-07-19,Piotrków Trybunalski,łódzkie
536438,1019292,2983,473867,2747,16019,40565,2021-07-19,Poznań,wielkopolskie
61251,38918,0,18155,0,463,1682,2021-07-19,Przemyśl,podkarpackie
120000,115454,249,52131,236,390,665,2021-07-19,Płock,mazowieckie
213029,210228,404,95577,270,3901,8757,2021-07-19,Radom,mazowieckie
138000,173776,294,82537,263,850,963,2021-07-19,Ruda Śląska,śląskie
138696,58881,27,26497,9,629,873,2021-07-19,Rybnik,śląskie
191564,516132,410,242950,2,2960,9445,2021-07-19,Rzeszów,podkarpackie
77872,107566,132,50509,80,779,1903,2021-07-19,Siedlce,mazowieckie
67154,83816,0,39360,0,431,2108,2021-07-19,Siemianowice Śląskie,śląskie
48178,65967,0,31196,0,189,377,2021-07-19,Skierniewice,łódzkie
36046,89223,212,43292,138,267,2497,2021-07-19,Sopot,pomorskie
202036,195043,0,89212,0,1843,2540,2021-07-19,Sosnowiec,śląskie
69827,49036,0,22853,0,1403,5203,2021-07-19,Suwałki,podlaskie
402465,529430,313,243436,177,9468,26539,2021-07-19,Szczecin,zachodniopomorskie
91007,102080,377,46881,327,122,676,2021-07-19,Słupsk,pomorskie
47047,55215,0,25906,0,454,1098,2021-07-19,Tarnobrzeg,podkarpackie
109062,96798,63,43767,60,948,1443,2021-07-19,Tarnów,małopolskie
202074,169610,597,76332,161,1458,2209,2021-07-19,Toruń,kujawsko-pomorskie
127831,100948,0,46113,0,450,794,2021-07-19,Tychy,śląskie
1777972,2358379,4265,1094056,3051,38477,102499,2021-07-19,Warszawa,mazowieckie
112594,197330,310,91080,147,1237,4354,2021-07-19,Wałbrzych,dolnośląskie
640648,974941,777,452493,443,13488,32680,2021-07-19,Wrocław,dolnośląskie
110802,82551,51,36190,26,6056,14686,2021-07-19,Włocławek,kujawsko-pomorskie
173374,122870,0,55300,0,993,5256,2021-07-19,Zabrze,śląskie
63813,81185,0,38098,0,181,695,2021-07-19,Zamość,lubelskie
140297,138573,98,65019,62,584,1269,2021-07-19,Zielona Góra,lubuskie
55274,125879,60,59629,0,1040,1574,2021-07-19,aleksandrowski,kujawsko-pomorskie
58367,38752,0,17714,0,249,330,2021-07-19,augustowski,podlaskie
57916,48990,36,22405,0,198,665,2021-07-19,bartoszycki,warmińsko-mazurskie
112997,63978,0,28708,0,308,845,2021-07-19,bełchatowski,łódzkie
111391,55529,0,25065,0,363,810,2021-07-19,bialski,lubelskie
33551,31217,0,14349,0,319,694,2021-07-19,białobrzeski,mazowieckie
47846,41226,0,18711,0,109,273,2021-07-19,białogardzki,zachodniopomorskie
148145,57623,0,27335,0,229,522,2021-07-19,białostocki,podlaskie
54863,33073,0,15608,0,194,412,2021-07-19,bielski (podlaskie),podlaskie
165000,95409,59,40670,9,1213,2121,2021-07-19,bielski (śląskie),śląskie
59760,35617,0,16525,0,12,79,2021-07-19,bieruńsko-lędziński,śląskie
21879,8669,0,4091,0,418,816,2021-07-19,bieszczadzki,podkarpackie
101435,48164,9,22439,0,456,716,2021-07-19,biłgorajski,lubelskie
106514,68395,265,29677,216,437,1034,2021-07-19,bocheński,małopolskie
90200,65156,0,28987,0,978,1814,2021-07-19,bolesławiecki,dolnośląskie
41391,26667,0,12412,0,16,18,2021-07-19,braniewski,warmińsko-mazurskie
78898,62394,290,27987,252,229,677,2021-07-19,brodnicki,kujawsko-pomorskie
93206,57914,112,25958,0,501,1096,2021-07-19,brzeski (małopolskie),małopolskie
90275,66738,0,31154,0,65,380,2021-07-19,brzeski (opolskie),opolskie
30890,31541,86,14677,70,135,460,2021-07-19,brzeziński,łódzkie
65713,42616,3,19890,1,1857,3491,2021-07-19,brzozowski,podkarpackie
72058,45512,0,21079,0,94,585,2021-07-19,buski,świętokrzyskie
117325,69232,0,31261,0,318,536,2021-07-19,bydgoski,kujawsko-pomorskie
79299,60680,53,27591,33,72,294,2021-07-19,bytowski,pomorskie
148762,100922,53,46811,41,2018,2952,2021-07-19,będziński,śląskie
52193,36905,0,16955,0,317,1093,2021-07-19,chełmiński,kujawsko-pomorskie
78228,32986,0,15103,0,255,367,2021-07-19,chełmski,lubelskie
47229,33951,65,14683,57,28,64,2021-07-19,chodzieski,wielkopolskie
97551,74486,104,33897,6,165,710,2021-07-19,chojnicki,pomorskie
48602,32875,0,14980,0,376,726,2021-07-19,choszczeński,zachodniopomorskie
125385,100216,0,44994,0,726,1597,2021-07-19,chrzanowski,małopolskie
89670,70536,0,32624,0,569,795,2021-07-19,ciechanowski,mazowieckie
178139,143282,230,64668,138,2952,11017,2021-07-19,cieszyński,śląskie
87420,76865,0,34786,0,845,1832,2021-07-19,czarnkowsko-trzcianecki,wielkopolskie
134919,80109,0,36439,0,351,641,2021-07-19,częstochowski,śląskie
56370,36708,0,16426,0,118,261,2021-07-19,człuchowski,pomorskie
57397,52857,100,23724,0,690,1695,2021-07-19,drawski,zachodniopomorskie
65442,45189,0,20389,0,1317,3726,2021-07-19,działdowski,warmińsko-mazurskie
101437,61158,0,27813,0,53,173,2021-07-19,dzierżoniowski,dolnośląskie
59350,36931,0,16964,0,237,665,2021-07-19,dąbrowski,małopolskie
135471,60358,0,25841,0,779,2952,2021-07-19,dębicki,podkarpackie
57549,32778,0,15057,0,103,167,2021-07-19,elbląski,warmińsko-mazurskie
91359,74252,97,32877,0,588,1822,2021-07-19,ełcki,warmińsko-mazurskie
108993,71583,0,32354,0,95,461,2021-07-19,garwoliński,mazowieckie
116199,48887,80,21437,14,87,466,2021-07-19,gdański,pomorskie
56754,38102,95,17713,64,92,267,2021-07-19,giżycki,warmińsko-mazurskie
115558,120818,60,52591,11,1095,2042,2021-07-19,gliwicki,śląskie
145317,124426,125,55416,3,975,1318,2021-07-19,gnieźnieński,wielkopolskie
82540,55903,145,24707,0,115,434,2021-07-19,goleniowski,zachodniopomorskie
45140,31700,245,13936,244,126,206,2021-07-19,golubsko-dobrzyński,kujawsko-pomorskie
109104,76443,40,35756,0,611,1609,2021-07-19,gorlicki,małopolskie
71549,26561,0,12057,0,2526,5613,2021-07-19,gorzowski,lubuskie
45203,24431,0,10933,0,1,89,2021-07-19,gostyniński,mazowieckie
76011,70115,0,32275,0,135,810,2021-07-19,gostyński,wielkopolskie
26908,16733,0,7663,0,79,365,2021-07-19,gołdapski,warmińsko-mazurskie
47518,24927,0,11822,0,288,364,2021-07-19,grajewski,podlaskie
94091,84024,0,36850,0,445,1480,2021-07-19,grodziski (mazowieckie),mazowieckie
51972,32260,0,14501,0,1,50,2021-07-19,grodziski (wielkopolskie),wielkopolskie
40271,22757,3,10000,1,624,1384,2021-07-19,grudziądzki,kujawsko-pomorskie
60617,30293,27,13449,0,200,913,2021-07-19,gryficki,zachodniopomorskie
82530,50192,168,22854,127,336,433,2021-07-19,gryfiński,zachodniopomorskie
98451,93452,0,43283,0,505,730,2021-07-19,grójecki,mazowieckie
35182,24380,0,10860,0,91,160,2021-07-19,górowski,dolnośląskie
89541,56652,0,25063,0,189,516,2021-07-19,głogowski,dolnośląskie
45883,38002,0,18181,0,111,168,2021-07-19,głubczycki,opolskie
43143,27216,0,12918,0,149,301,2021-07-19,hajnowski,podlaskie
63698,39444,0,17586,0,179,1084,2021-07-19,hrubieszowski,lubelskie
160647,96374,22,44744,22,9739,37820,2021-07-19,inowrocławski,kujawsko-pomorskie
93020,58975,302,26215,270,273,580,2021-07-19,iławski,warmińsko-mazurskie
46057,27074,0,12513,0,545,925,2021-07-19,janowski,lubelskie
71686,47347,0,21769,0,67,477,2021-07-19,jarociński,wielkopolskie
120714,47470,60,21958,37,1247,6305,2021-07-19,jarosławski,podkarpackie
113962,52008,40,23759,10,400,1370,2021-07-19,jasielski,podkarpackie
50545,35884,23,15986,0,268,730,2021-07-19,jaworski,dolnośląskie
63855,46869,0,21634,0,358,892,2021-07-19,jeleniogórski,dolnośląskie
86076,67866,109,30803,0,359,898,2021-07-19,jędrzejowski,świętokrzyskie
83030,55844,99,25701,59,307,749,2021-07-19,kaliski,wielkopolskie
43621,27722,0,12759,0,211,823,2021-07-19,kamiennogórski,dolnośląskie
47227,41836,82,18816,70,799,1627,2021-07-19,kamieński,zachodniopomorskie
136619,75481,0,33884,0,1146,2362,2021-07-19,kartuski,pomorskie
33851,22162,0,9777,0,50,245,2021-07-19,kazimierski,świętokrzyskie
210694,101483,36,44772,32,642,1923,2021-07-19,kielecki,świętokrzyskie
65837,48392,0,22349,0,717,1486,2021-07-19,kluczborski,opolskie
62476,20377,0,9332,0,285,1248,2021-07-19,kolbuszowski,podkarpackie
38396,20238,33,9673,0,162,313,2021-07-19,kolneński,podlaskie
87216,54952,278,24902,180,790,2641,2021-07-19,kolski,wielkopolskie
80648,47717,269,21389,182,689,2369,2021-07-19,konecki,świętokrzyskie
129966,66217,0,28450,0,746,1209,2021-07-19,koniński,wielkopolskie
66355,31891,0,14209,0,312,549,2021-07-19,koszaliński,zachodniopomorskie
60472,37917,113,17527,90,230,1427,2021-07-19,kozienicki,mazowieckie
79547,80160,61,37734,51,814,1553,2021-07-19,kołobrzeski,zachodniopomorskie
79230,52593,0,22966,0,166,629,2021-07-19,kościański,wielkopolskie
72528,56825,0,26682,0,85,213,2021-07-19,kościerski,pomorskie
277145,138088,624,62242,594,2088,3870,2021-07-19,krakowski,małopolskie
63942,88340,0,40203,0,367,1178,2021-07-19,krapkowicki,opolskie
63925,37818,55,17403,0,74,205,2021-07-19,krasnostawski,lubelskie
96043,61112,0,28433,0,310,512,2021-07-19,kraśnicki,lubelskie
77488,54584,64,25055,4,21,179,2021-07-19,krotoszyński,wielkopolskie
55245,45782,0,21602,0,136,298,2021-07-19,krośnieński (lubuskie),lubuskie
112414,46348,0,22202,0,95,132,2021-07-19,krośnieński (podkarpackie),podkarpackie
97295,78827,47,36762,16,678,731,2021-07-19,kutnowski,łódzkie
83291,55222,0,25262,0,819,1650,2021-07-19,kwidzyński,pomorskie
94487,74623,0,35291,0,656,844,2021-07-19,kędzierzyńsko-kozielski,opolskie
56486,40978,0,18788,0,122,152,2021-07-19,kępiński,wielkopolskie
62924,36674,0,16946,0,38,112,2021-07-19,kętrzyński,warmińsko-mazurskie
84924,51932,86,23834,4,349,349,2021-07-19,kłobucki,śląskie
159337,114495,25,52671,0,1103,3765,2021-07-19,kłodzki,dolnośląskie
116775,65945,131,27490,130,300,467,2021-07-19,legionowski,mazowieckie
55326,39633,0,17254,0,196,405,2021-07-19,legnicki,dolnośląskie
26562,12674,16,6183,0,237,752,2021-07-19,leski,podkarpackie
56485,17617,0,7939,0,9,432,2021-07-19,leszczyński,wielkopolskie
69562,34862,0,15830,0,205,860,2021-07-19,leżajski,podkarpackie
41512,26880,0,12615,0,213,348,2021-07-19,lidzbarski,warmińsko-mazurskie
131523,76910,110,34491,10,666,1014,2021-07-19,limanowski,małopolskie
66062,46294,0,20415,0,182,184,2021-07-19,lipnowski,kujawsko-pomorskie
34214,22829,0,10464,0,58,154,2021-07-19,lipski,mazowieckie
55652,29396,0,13627,0,767,1532,2021-07-19,lubaczowski,podkarpackie
88789,49644,197,22863,92,323,532,2021-07-19,lubartowski,lubelskie
54699,25702,0,10429,0,366,787,2021-07-19,lubański,dolnośląskie
154387,76108,3,34168,0,630,1172,2021-07-19,lubelski,lubelskie
106254,115659,0,55114,0,788,1353,2021-07-19,lubiński,dolnośląskie
76593,48138,0,21878,0,217,484,2021-07-19,lubliniecki,śląskie
46059,36565,0,16503,0,247,423,2021-07-19,lwówecki,dolnośląskie
66280,50285,90,22610,0,512,1273,2021-07-19,lęborski,pomorskie
45247,35704,0,16191,0,58,124,2021-07-19,makowski,mazowieckie
63748,35462,0,15635,0,3,76,2021-07-19,malborski,pomorskie
49137,55369,86,25647,11,136,612,2021-07-19,miechowski,małopolskie
136673,80950,0,37915,0,252,3048,2021-07-19,mielecki,podkarpackie
98373,39708,156,18606,134,2937,6087,2021-07-19,mikołowski,śląskie
37093,30318,0,14013,0,66,158,2021-07-19,milicki,dolnośląskie
36982,30177,0,13600,0,11,120,2021-07-19,międzychodzki,wielkopolskie
58024,61726,156,28581,22,394,1024,2021-07-19,międzyrzecki,lubuskie
153824,113684,378,49707,337,1364,5101,2021-07-19,miński,mazowieckie
45821,26136,0,11675,0,192,814,2021-07-19,mogileński,kujawsko-pomorskie
40712,20738,47,9606,28,225,1129,2021-07-19,moniecki,podlaskie
50080,24620,0,11060,0,92,412,2021-07-19,mrągowski,warmińsko-mazurskie
71119,50299,117,23166,104,62,250,2021-07-19,myszkowski,śląskie
127028,88551,59,40464,25,828,1511,2021-07-19,myślenicki,małopolskie
66264,36229,0,16797,0,1717,3605,2021-07-19,myśliborski,zachodniopomorskie
73102,51183,0,23654,0,459,1044,2021-07-19,mławski,mazowieckie
86590,73636,485,32797,365,603,742,2021-07-19,nakielski,kujawsko-pomorskie
42688,25320,0,11833,0,146,183,2021-07-19,namysłowski,opolskie
33068,39162,2,17735,0,50,255,2021-07-19,nidzicki,warmińsko-mazurskie
66843,29926,0,14312,0,48,114,2021-07-19,niżański,podkarpackie
79291,95691,245,44279,241,181,322,2021-07-19,nowodworski (mazowieckie),mazowieckie
35746,28836,0,13005,0,91,309,2021-07-19,nowodworski (pomorskie),pomorskie
43997,31123,30,13779,27,13,105,2021-07-19,nowomiejski,warmińsko-mazurskie
86634,81235,247,37009,95,985,2115,2021-07-19,nowosolski,lubuskie
216176,114941,121,50446,100,512,1001,2021-07-19,nowosądecki,małopolskie
191508,114984,564,51001,0,352,738,2021-07-19,nowotarski,małopolskie
75363,51062,48,22866,0,239,393,2021-07-19,nowotomyski,wielkopolskie
136946,87115,0,41522,0,536,2297,2021-07-19,nyski,opolskie
59858,69182,123,29782,65,607,923,2021-07-19,obornicki,wielkopolskie
34433,21714,0,10242,0,31,156,2021-07-19,olecki,warmińsko-mazurskie
64602,45021,321,21199,213,291,1328,2021-07-19,oleski,opolskie
107062,81804,1043,35916,830,2269,4239,2021-07-19,oleśnicki,dolnośląskie
112035,100789,598,45961,352,2041,7782,2021-07-19,olkuski,małopolskie
126018,86105,105,39709,36,418,1752,2021-07-19,olsztyński,warmińsko-mazurskie
52577,31469,0,14291,0,224,569,2021-07-19,opatowski,świętokrzyskie
76623,51655,142,23034,106,358,886,2021-07-19,opoczyński,łódzkie
59726,39959,166,18016,131,243,605,2021-07-19,opolski (lubelskie),lubelskie
123520,60530,48,28232,0,308,517,2021-07-19,opolski (opolskie),opolskie
110127,80129,175,36647,117,986,2200,2021-07-19,ostrowiecki,świętokrzyskie
72782,44126,0,20807,0,151,459,2021-07-19,ostrowski (mazowieckie),mazowieckie
161519,117122,1,53125,0,921,1885,2021-07-19,ostrowski (wielkopolskie),wielkopolskie
88735,44464,122,20221,50,170,254,2021-07-19,ostrołęcki,mazowieckie
55403,36969,0,16542,0,414,652,2021-07-19,ostrzeszowski,wielkopolskie
104780,60355,0,27870,0,570,1638,2021-07-19,ostródzki,warmińsko-mazurskie
124036,78988,0,35901,0,380,1206,2021-07-19,otwocki,mazowieckie
76595,42061,0,19782,0,1193,3963,2021-07-19,oławski,dolnośląskie
153737,104148,136,46240,76,789,3805,2021-07-19,oświęcimski,małopolskie
119289,96073,93,43920,68,1802,7492,2021-07-19,pabianicki,łódzkie
51597,27645,0,12329,0,21,922,2021-07-19,pajęczański,łódzkie
34954,25726,0,11897,0,65,194,2021-07-19,parczewski,lubelskie
184951,219245,142,100402,85,4362,11991,2021-07-19,piaseczyński,mazowieckie
136621,86094,337,39476,281,258,383,2021-07-19,pilski,wielkopolskie
91315,43783,0,19867,0,729,1160,2021-07-19,piotrkowski,łódzkie
56570,46490,0,21527,0,447,1489,2021-07-19,piski,warmińsko-mazurskie
39271,31269,0,13732,0,369,1017,2021-07-19,pińczowski,świętokrzyskie
63147,56739,0,26210,0,172,361,2021-07-19,pleszewski,wielkopolskie
41205,33671,0,15611,0,315,663,2021-07-19,poddębicki,łódzkie
79476,43943,0,20267,0,191,232,2021-07-19,policki,zachodniopomorskie
62982,37909,0,16204,0,133,143,2021-07-19,polkowicki,dolnośląskie
390308,176349,697,80664,574,5447,13158,2021-07-19,poznański,wielkopolskie
43523,38117,0,17543,0,319,471,2021-07-19,proszowicki,małopolskie
55524,36532,0,17165,0,769,1525,2021-07-19,prudnicki,opolskie
164240,116947,865,53149,737,807,2009,2021-07-19,pruszkowski,mazowieckie
52824,44825,25,20849,2,296,715,2021-07-19,przasnyski,mazowieckie
74398,17142,0,8087,0,73,561,2021-07-19,przemyski,podkarpackie
78458,26684,0,12565,0,326,1263,2021-07-19,przeworski,podkarpackie
41922,23876,63,10577,4,92,229,2021-07-19,przysuski,mazowieckie
111202,56839,0,25491,0,94,214,2021-07-19,pszczyński,śląskie
85726,50270,372,22856,263,456,660,2021-07-19,pucki,pomorskie
113762,87685,0,40449,0,350,1447,2021-07-19,puławski,lubelskie
51809,40331,0,18373,0,10,316,2021-07-19,pułtuski,mazowieckie
39639,26654,16,12513,9,33,66,2021-07-19,pyrzycki,zachodniopomorskie
111088,73245,299,32888,279,722,1247,2021-07-19,płocki,mazowieckie
87409,71014,0,31826,0,390,730,2021-07-19,płoński,mazowieckie
108513,81278,40,37368,25,1433,3089,2021-07-19,raciborski,śląskie
152117,54270,1,24438,1,286,506,2021-07-19,radomski,mazowieckie
113315,75849,180,34358,121,187,837,2021-07-19,radomszczański,łódzkie
40714,40675,0,18108,0,5,108,2021-07-19,radziejowski,kujawsko-pomorskie
59278,27293,0,12455,0,270,395,2021-07-19,radzyński,lubelskie
60405,45654,141,19624,0,339,763,2021-07-19,rawicki,wielkopolskie
48808,25081,78,11059,45,88,352,2021-07-19,rawski,łódzkie
74374,34248,37,15700,13,618,1372,2021-07-19,ropczycko-sędziszowski,podkarpackie
78104,24001,287,11394,272,172,475,2021-07-19,rybnicki,śląskie
56166,48816,0,22772,0,206,280,2021-07-19,rycki,lubelskie
43826,30694,0,13631,0,402,434,2021-07-19,rypiński,kujawsko-pomorskie
170486,49910,0,23315,0,557,793,2021-07-19,rzeszowski,podkarpackie
77773,71123,18,32785,15,736,1471,2021-07-19,sandomierski,świętokrzyskie
94758,34211,0,15839,0,397,1281,2021-07-19,sanocki,podkarpackie
20092,11087,0,5174,0,0,2,2021-07-19,sejneński,podlaskie
81352,27721,13,12928,5,14,125,2021-07-19,siedlecki,mazowieckie
44689,29223,0,14093,0,68,308,2021-07-19,siemiatycki,podlaskie
118240,87636,176,38878,137,245,408,2021-07-19,sieradzki,łódzkie
52196,37718,0,16751,0,99,432,2021-07-19,sierpecki,mazowieckie
74817,44449,89,20117,0,192,560,2021-07-19,skarżyski,świętokrzyskie
38195,21654,68,10047,34,214,381,2021-07-19,skierniewicki,łódzkie
85105,73298,0,33292,0,366,493,2021-07-19,sochaczewski,mazowieckie
54217,37427,0,16919,0,436,609,2021-07-19,sokołowski,mazowieckie
67466,38426,0,18093,0,117,210,2021-07-19,sokólski,podlaskie
106619,66447,18,31252,1,523,1158,2021-07-19,stalowowolski,podkarpackie
90377,56484,0,26016,0,229,271,2021-07-19,starachowicki,świętokrzyskie
120112,78145,147,34979,131,1186,1787,2021-07-19,stargardzki,zachodniopomorskie
128004,84585,0,39218,0,140,341,2021-07-19,starogardzki,pomorskie
72167,32218,0,14724,0,153,1054,2021-07-19,staszowski,świętokrzyskie
74665,50748,0,23426,0,94,223,2021-07-19,strzelecki,opolskie
49366,44766,115,20461,71,775,1511,2021-07-19,strzelecko-drezdenecki,lubuskie
43773,33585,0,15298,0,331,670,2021-07-19,strzeliński,dolnośląskie
61558,24377,0,11671,0,144,475,2021-07-19,strzyżowski,podkarpackie
35297,26056,191,11745,83,174,223,2021-07-19,sulęciński,lubuskie
84255,59721,0,26838,0,225,325,2021-07-19,suski,małopolskie
35792,7856,0,3596,0,0,8,2021-07-19,suwalski,podlaskie
91185,61063,1,27408,0,369,1250,2021-07-19,szamotulski,wielkopolskie
77965,77821,0,34942,0,1090,2296,2021-07-19,szczecinecki,zachodniopomorskie
69885,49759,0,23252,0,603,928,2021-07-19,szczycieński,warmińsko-mazurskie
41569,37357,0,16749,0,254,633,2021-07-19,sztumski,pomorskie
39864,16500,6,7266,0,21,50,2021-07-19,szydłowiecki,mazowieckie
41147,44624,0,20452,0,236,3660,2021-07-19,sępoleński,kujawsko-pomorskie
56409,48006,0,22070,0,173,371,2021-07-19,sławieński,zachodniopomorskie
47101,33830,0,15490,0,247,621,2021-07-19,słubicki,lubuskie
59371,37674,0,16788,0,128,201,2021-07-19,słupecki,wielkopolskie
98816,40978,0,18885,0,404,970,2021-07-19,słupski,pomorskie
53236,12911,0,5758,0,217,724,2021-07-19,tarnobrzeski,podkarpackie
139833,136131,0,63968,0,1221,4386,2021-07-19,tarnogórski,śląskie
201570,84021,246,37894,0,323,673,2021-07-19,tarnowski,małopolskie
68146,31295,211,14728,0,269,579,2021-07-19,tatrzański,małopolskie
115876,67398,0,29943,0,209,551,2021-07-19,tczewski,pomorskie
83715,49926,170,22783,28,556,731,2021-07-19,tomaszowski (lubelskie),lubelskie
117259,93918,4,43610,4,676,1253,2021-07-19,tomaszowski (łódzkie),łódzkie
106935,64573,0,27129,0,145,533,2021-07-19,toruński,kujawsko-pomorskie
84886,53635,184,24749,177,40,83,2021-07-19,trzebnicki,dolnośląskie
48374,34991,18,15740,8,7,12,2021-07-19,tucholski,kujawsko-pomorskie
84101,49272,0,22233,0,352,494,2021-07-19,turecki,wielkopolskie
160130,102484,192,44724,16,2432,5122,2021-07-19,wadowicki,małopolskie
117007,104372,58,48265,24,155,658,2021-07-19,warszawski zachodni,mazowieckie
56004,29305,12,13687,0,302,1232,2021-07-19,wałbrzyski,dolnośląskie
53462,33631,0,15025,0,152,395,2021-07-19,wałecki,zachodniopomorskie
215908,135708,0,61428,0,2384,4599,2021-07-19,wejherowski,pomorskie
127078,94499,313,41270,218,2503,7324,2021-07-19,wielicki,małopolskie
76699,80719,0,37987,0,327,895,2021-07-19,wieluński,łódzkie
42213,29907,100,13505,0,221,540,2021-07-19,wieruszowski,łódzkie
157616,112512,188,51415,136,2687,8636,2021-07-19,wodzisławski,śląskie
57326,43099,0,20370,0,335,963,2021-07-19,wolsztyński,wielkopolskie
245357,178892,399,80093,246,3769,8746,2021-07-19,wołomiński,mazowieckie
47056,38490,7,17049,7,395,665,2021-07-19,wołowski,dolnośląskie
146060,94750,0,44211,0,228,1067,2021-07-19,wrocławski,dolnośląskie
77667,56641,0,25466,0,849,1593,2021-07-19,wrzesiński,wielkopolskie
39065,23332,65,10909,64,343,1326,2021-07-19,wschowski,lubuskie
57248,42278,0,19916,0,26,251,2021-07-19,wysokomazowiecki,podlaskie
74065,54155,85,24405,82,246,981,2021-07-19,wyszkowski,mazowieckie
34413,24447,195,10739,156,1,113,2021-07-19,wąbrzeski,kujawsko-pomorskie
70274,26480,0,11134,0,647,739,2021-07-19,wągrowiecki,wielkopolskie
22873,19209,0,9156,0,0,34,2021-07-19,węgorzewski,warmińsko-mazurskie
66174,40029,0,18401,0,129,547,2021-07-19,węgrowski,mazowieckie
86352,57381,45,26165,5,3750,5170,2021-07-19,włocławski,kujawsko-pomorskie
38668,32526,0,14934,0,110,299,2021-07-19,włodawski,lubelskie
45336,39968,130,17960,10,195,228,2021-07-19,włoszczowski,świętokrzyskie
43816,23091,0,10647,0,133,365,2021-07-19,zambrowski,podlaskie
106935,44186,0,20882,0,45,132,2021-07-19,zamojski,lubelskie
118434,91618,20,41983,17,1138,3530,2021-07-19,zawierciański,śląskie
66766,43603,0,19504,0,260,739,2021-07-19,zduńskowolski,łódzkie
165916,116907,43,53791,18,658,1168,2021-07-19,zgierski,łódzkie
90003,51348,0,23323,0,224,264,2021-07-19,zgorzelecki,dolnośląskie
75750,81245,3,37570,3,1386,2660,2021-07-19,zielonogórski,lubuskie
36328,24809,215,11564,207,171,654,2021-07-19,zwoleński,mazowieckie
65428,49980,0,23230,0,36,146,2021-07-19,ząbkowicki,dolnośląskie
43869,30782,0,13394,0,227,397,2021-07-19,złotoryjski,dolnośląskie
69606,36977,0,16246,0,142,935,2021-07-19,złotowski,wielkopolskie
63000,61521,0,29187,0,352,1380,2021-07-19,Łomża,podlaskie
685285,833870,611,389295,328,5039,9311,2021-07-19,Łódź,łódzkie
50103,32188,0,14979,0,88,1882,2021-07-19,łaski,łódzkie
80834,36656,0,17296,0,215,729,2021-07-19,łańcucki,podkarpackie
37104,40040,360,15880,0,245,454,2021-07-19,łobeski,zachodniopomorskie
51000,13800,0,6466,0,436,633,2021-07-19,łomżyński,podlaskie
31023,16180,0,7617,0,58,172,2021-07-19,łosicki,mazowieckie
78616,83511,0,39329,0,663,2323,2021-07-19,łowicki,łódzkie
107449,49352,108,22757,88,249,642,2021-07-19,łukowski,lubelskie
71705,32894,5,14410,0,97,263,2021-07-19,łódzki wschodni,łódzkie
50143,44897,369,19855,306,300,516,2021-07-19,łęczycki,łódzkie
57457,36973,0,17370,0,146,443,2021-07-19,łęczyński,lubelskie
40910,36914,62,17236,62,96,99,2021-07-19,Świnoujście,zachodniopomorskie
50012,37061,111,17140,2,86,196,2021-07-19,Świętochłowice,śląskie
54269,19848,0,9302,0,268,737,2021-07-19,średzki (dolnośląskie),dolnośląskie
58456,56377,0,26715,0,250,519,2021-07-19,średzki (wielkopolskie),wielkopolskie
61325,30294,232,13272,3,1068,1069,2021-07-19,śremski,wielkopolskie
157615,89201,0,39987,0,244,545,2021-07-19,świdnicki (dolnośląskie),dolnośląskie
72039,40838,10,19227,10,978,1654,2021-07-19,świdnicki (lubelskie),lubelskie
47242,32522,0,14958,0,612,2039,2021-07-19,świdwiński,zachodniopomorskie
55840,51435,72,23677,59,410,499,2021-07-19,świebodziński,lubuskie
99281,68285,0,30809,0,345,811,2021-07-19,świecki,kujawsko-pomorskie
62456,58159,584,26651,310,95,287,2021-07-19,Żory,śląskie
79583,61448,0,27968,0,261,374,2021-07-19,żagański,lubuskie
96876,90964,103,42693,0,824,1091,2021-07-19,żarski,lubuskie
70413,47722,0,21524,0,34,63,2021-07-19,żniński,kujawsko-pomorskie
38944,24863,0,11374,0,202,271,2021-07-19,żuromiński,mazowieckie
75848,48573,0,22219,0,342,617,2021-07-19,żyrardowski,mazowieckie
153226,94397,87,43285,0,126,535,2021-07-19,żywiecki,śląskie
